{"embedding_dim": 512, "clip_model_name": "ViT-B/32", "preprocessing_info": {"image_size": 224, "mean": [0.48145466, 0.4578275, 0.40821073], "std": [0.26862954, 0.26130258, 0.27577711]}}